{"cameraMode":{"drawMode":0,"name":"Shaded","section":"Shading Mode"},"sceneLighting":false,"audioPlay":false,"sceneViewState":{"showFog":false,"showMaterialUpdate":false,"showSkybox":false,"showFlares":false,"showImageEffects":false,"showParticleSystems":false},"in2DMode":false,"pivot":{"x":5.960464477539063e-8,"y":0.673494279384613,"z":0.014411568641662598},"rotation":{"x":-0.17571504414081574,"y":-0.15231028199195863,"z":0.0275285542011261,"w":-0.9721977114677429},"size":8.107461929321289,"orthographic":false}